#,Player,Pos,GP,G,A,PTS,Pt/G,PPG,SHG,GWG,SOGW,PIM
2,Bryan Rice,D,7,3,1,4,0.57,2,0,0,0,6
3,Ethan Garlock,F,7,5,3,8,1.14,1,0,1,0,6
6,Justin D'Antona,F,5,0,2,2,0.40,0,0,0,0,2
7,JH Lages,D,6,1,7,8,1.33,0,0,0,0,0
8,Cooper Reger,F,4,0,1,1,0.25,0,0,0,0,0
9,Sean Mohr,D,1,0,1,1,1.00,0,0,0,0,0
10,Zack Stewart,F,7,1,0,1,0.14,0,0,0,0,0
11,Michael McCabe,F,7,5,3,8,1.14,2,0,0,0,23
13,Murphy MacLeod,D,7,0,0,0,0.00,0,0,0,0,0
14,Barrett Lunder,F,1,0,0,0,0.00,0,0,0,0,0
15,Tyler Gordon,F,6,1,1,2,0.33,0,0,0,0,0
16,Jacob Wachtel,F,4,1,0,1,0.25,0,0,0,0,0
18,Casey Reagan,D,4,0,2,2,0.50,0,0,0,0,15
19,Hunter Day,D,6,0,1,1,0.17,0,0,0,0,2
20,Tyler Skarka,D,3,0,0,0,0.00,0,0,0,0,0
21,Gavin Nau,F,7,0,3,3,0.43,0,0,0,0,4
22,Max Sullivan,D,6,1,0,1,0.17,0,0,0,0,17
24,West Vaillant,F,5,2,0,2,0.40,0,0,1,0,0
25,Billy Linardakis,D,3,0,0,0,0.00,0,0,0,0,0
26,Chase Olszewski,F,7,2,0,2,0.29,0,0,0,0,6
27,Dhruv Thakare,D,7,0,2,2,0.29,0,0,0,0,8
29,Marshall Campbell,F,3,0,1,1,0.33,0,0,0,0,0
40,Jackson DeVivo,F,6,1,0,1,0.17,0,0,0,0,21
41,Kam Khazai,F,7,1,5,6,0.86,0,0,0,0,8
42,Ewan Andrew,F,7,1,1,2,0.29,0,0,0,0,0